{
  "查询用户列表" : {
    "transaction" : "查询用户列表",
    "sampleCount" : 500,
    "errorCount" : 0,
    "errorPct" : 0.0,
    "meanResTime" : 858.0099999999996,
    "medianResTime" : 748.0,
    "minResTime" : 287.0,
    "maxResTime" : 4552.0,
    "pct1ResTime" : 1410.5000000000002,
    "pct2ResTime" : 1801.8,
    "pct3ResTime" : 3830.4400000000087,
    "throughput" : 5.2394974274067625,
    "receivedKBytesPerSec" : 77.35498831264604,
    "sentKBytesPerSec" : 0.8391382598581144
  },
  "Total" : {
    "transaction" : "Total",
    "sampleCount" : 1010,
    "errorCount" : 0,
    "errorPct" : 0.0,
    "meanResTime" : 694.1326732673263,
    "medianResTime" : 589.0,
    "minResTime" : 268.0,
    "maxResTime" : 4552.0,
    "pct1ResTime" : 1213.2999999999997,
    "pct2ResTime" : 1568.0999999999988,
    "pct3ResTime" : 3792.9199999999996,
    "throughput" : 10.2782244112918,
    "receivedKBytesPerSec" : 87.76754350118556,
    "sentKBytesPerSec" : 1.618693139030794
  },
  "查询单个用户" : {
    "transaction" : "查询单个用户",
    "sampleCount" : 500,
    "errorCount" : 0,
    "errorPct" : 0.0,
    "meanResTime" : 509.1820000000001,
    "medianResTime" : 354.0,
    "minResTime" : 268.0,
    "maxResTime" : 4520.0,
    "pct1ResTime" : 923.0000000000003,
    "pct2ResTime" : 1188.5999999999995,
    "pct3ResTime" : 3795.7200000000003,
    "throughput" : 5.237302160910872,
    "receivedKBytesPerSec" : 12.718972421676147,
    "sentKBytesPerSec" : 0.8029848039677802
  },
  "用户登录" : {
    "transaction" : "用户登录",
    "sampleCount" : 10,
    "errorCount" : 0,
    "errorPct" : 0.0,
    "meanResTime" : 1747.8,
    "medianResTime" : 1412.0,
    "minResTime" : 1067.0,
    "maxResTime" : 2716.0,
    "pct1ResTime" : 2702.1,
    "pct2ResTime" : 2716.0,
    "pct3ResTime" : 2716.0,
    "throughput" : 1.6113438607798904,
    "receivedKBytesPerSec" : 4.574391214147599,
    "sentKBytesPerSec" : 0.3745115613922011
  }
}